id,seq_length,mean,variance,kurtosis
TUNAR_example,2450,0.00016133908531458256,2.6283321379014975e-07,46.36573784370213
